{
    "accuracy":0.7360267951,
    "auc":0.8041576365
}