{
    "accuracy":0.7404978998,
    "auc":0.8033408859
}